-- MySQL dump 10.13  Distrib 5.7.17, for Win64 (x86_64)
--
-- Host: localhost    Database: phone_station
-- ------------------------------------------------------
-- Server version	5.7.19-log

/*!40101 SET @OLD_CHARACTER_SET_CLIENT=@@CHARACTER_SET_CLIENT */;
/*!40101 SET @OLD_CHARACTER_SET_RESULTS=@@CHARACTER_SET_RESULTS */;
/*!40101 SET @OLD_COLLATION_CONNECTION=@@COLLATION_CONNECTION */;
/*!40101 SET NAMES utf8 */;
/*!40103 SET @OLD_TIME_ZONE=@@TIME_ZONE */;
/*!40103 SET TIME_ZONE='+00:00' */;
/*!40014 SET @OLD_UNIQUE_CHECKS=@@UNIQUE_CHECKS, UNIQUE_CHECKS=0 */;
/*!40014 SET @OLD_FOREIGN_KEY_CHECKS=@@FOREIGN_KEY_CHECKS, FOREIGN_KEY_CHECKS=0 */;
/*!40101 SET @OLD_SQL_MODE=@@SQL_MODE, SQL_MODE='NO_AUTO_VALUE_ON_ZERO' */;
/*!40111 SET @OLD_SQL_NOTES=@@SQL_NOTES, SQL_NOTES=0 */;

--
-- Table structure for table `accounts`
--

DROP TABLE IF EXISTS `accounts`;
/*!40101 SET @saved_cs_client     = @@character_set_client */;
/*!40101 SET character_set_client = utf8 */;
CREATE TABLE `accounts` (
  `id` int(11) NOT NULL AUTO_INCREMENT,
  `login` varchar(30) NOT NULL,
  `password` varchar(30) NOT NULL,
  `role` varchar(20) NOT NULL,
  PRIMARY KEY (`id`),
  KEY `accounts_idx` (`id`)
) ENGINE=InnoDB AUTO_INCREMENT=6 DEFAULT CHARSET=utf8;
/*!40101 SET character_set_client = @saved_cs_client */;

--
-- Dumping data for table `accounts`
--

LOCK TABLES `accounts` WRITE;
/*!40000 ALTER TABLE `accounts` DISABLE KEYS */;
INSERT INTO `accounts` VALUES (1,'katdaieva','katd','ADMIN'),(2,'dburda','dbur','ADMIN'),(3,'rromashko','rrom','SUBSCRIBER'),(4,'analyvaiko','anal','SUBSCRIBER'),(5,'ndruchok','ndru','SUBSCRIBER');
/*!40000 ALTER TABLE `accounts` ENABLE KEYS */;
UNLOCK TABLES;
/*!40103 SET TIME_ZONE=@OLD_TIME_ZONE */;

/*!40101 SET SQL_MODE=@OLD_SQL_MODE */;
/*!40014 SET FOREIGN_KEY_CHECKS=@OLD_FOREIGN_KEY_CHECKS */;
/*!40014 SET UNIQUE_CHECKS=@OLD_UNIQUE_CHECKS */;
/*!40101 SET CHARACTER_SET_CLIENT=@OLD_CHARACTER_SET_CLIENT */;
/*!40101 SET CHARACTER_SET_RESULTS=@OLD_CHARACTER_SET_RESULTS */;
/*!40101 SET COLLATION_CONNECTION=@OLD_COLLATION_CONNECTION */;
/*!40111 SET SQL_NOTES=@OLD_SQL_NOTES */;


--
-- Table structure for table `bills`
--

DROP TABLE IF EXISTS `bills`;
/*!40101 SET @saved_cs_client     = @@character_set_client */;
/*!40101 SET character_set_client = utf8 */;
CREATE TABLE `bills` (
  `id` int(11) NOT NULL,
  `user_id` int(11) NOT NULL,
  `date` date NOT NULL,
  `description` varchar(100) DEFAULT NULL,
  `price` int(11) NOT NULL,
  PRIMARY KEY (`id`),
  KEY `bills_idx` (`id`,`user_id`),
  CONSTRAINT `users_bills_fk` FOREIGN KEY (`id`) REFERENCES `users` (`id`) ON DELETE NO ACTION ON UPDATE NO ACTION
) ENGINE=InnoDB DEFAULT CHARSET=utf8;
/*!40101 SET character_set_client = @saved_cs_client */;

--
-- Dumping data for table `bills`
--

LOCK TABLES `bills` WRITE;
/*!40000 ALTER TABLE `bills` DISABLE KEYS */;
/*!40000 ALTER TABLE `bills` ENABLE KEYS */;
UNLOCK TABLES;
/*!40103 SET TIME_ZONE=@OLD_TIME_ZONE */;

/*!40101 SET SQL_MODE=@OLD_SQL_MODE */;
/*!40014 SET FOREIGN_KEY_CHECKS=@OLD_FOREIGN_KEY_CHECKS */;
/*!40014 SET UNIQUE_CHECKS=@OLD_UNIQUE_CHECKS */;
/*!40101 SET CHARACTER_SET_CLIENT=@OLD_CHARACTER_SET_CLIENT */;
/*!40101 SET CHARACTER_SET_RESULTS=@OLD_CHARACTER_SET_RESULTS */;
/*!40101 SET COLLATION_CONNECTION=@OLD_COLLATION_CONNECTION */;
/*!40111 SET SQL_NOTES=@OLD_SQL_NOTES */;


--
-- Table structure for table `services`
--

DROP TABLE IF EXISTS `services`;
/*!40101 SET @saved_cs_client     = @@character_set_client */;
/*!40101 SET character_set_client = utf8 */;
CREATE TABLE `services` (
  `id` int(11) NOT NULL AUTO_INCREMENT,
  `name` varchar(30) NOT NULL,
  `description` varchar(100) DEFAULT NULL,
  `duration` int(11) NOT NULL,
  `price` int(11) DEFAULT NULL,
  PRIMARY KEY (`id`),
  KEY `services_idx` (`id`),
  KEY `services_idx1` (`id`)
) ENGINE=InnoDB AUTO_INCREMENT=4 DEFAULT CHARSET=utf8;
/*!40101 SET character_set_client = @saved_cs_client */;

--
-- Dumping data for table `services`
--

LOCK TABLES `services` WRITE;
/*!40000 ALTER TABLE `services` DISABLE KEYS */;
INSERT INTO `services` VALUES (1,'service1',NULL,60,100),(2,'service2','something very interesting',120,1000),(3,'service3','something very important',180,2000);
/*!40000 ALTER TABLE `services` ENABLE KEYS */;
UNLOCK TABLES;
/*!40103 SET TIME_ZONE=@OLD_TIME_ZONE */;

/*!40101 SET SQL_MODE=@OLD_SQL_MODE */;
/*!40014 SET FOREIGN_KEY_CHECKS=@OLD_FOREIGN_KEY_CHECKS */;
/*!40014 SET UNIQUE_CHECKS=@OLD_UNIQUE_CHECKS */;
/*!40101 SET CHARACTER_SET_CLIENT=@OLD_CHARACTER_SET_CLIENT */;
/*!40101 SET CHARACTER_SET_RESULTS=@OLD_CHARACTER_SET_RESULTS */;
/*!40101 SET COLLATION_CONNECTION=@OLD_COLLATION_CONNECTION */;
/*!40111 SET SQL_NOTES=@OLD_SQL_NOTES */;


--
-- Table structure for table `user_services`
--

DROP TABLE IF EXISTS `user_services`;
/*!40101 SET @saved_cs_client     = @@character_set_client */;
/*!40101 SET character_set_client = utf8 */;
CREATE TABLE `user_services` (
  `id` int(11) NOT NULL,
  `user_id` int(11) NOT NULL,
  `service_id` int(11) NOT NULL,
  `start_date` date NOT NULL,
  `end_date` date DEFAULT NULL,
  PRIMARY KEY (`id`),
  KEY `user_services_idx` (`id`,`user_id`,`service_id`),
  CONSTRAINT `services_user_services_fk` FOREIGN KEY (`id`) REFERENCES `services` (`id`) ON DELETE NO ACTION ON UPDATE NO ACTION,
  CONSTRAINT `users_user_services_fk` FOREIGN KEY (`id`) REFERENCES `users` (`id`) ON DELETE NO ACTION ON UPDATE NO ACTION
) ENGINE=InnoDB DEFAULT CHARSET=utf8;
/*!40101 SET character_set_client = @saved_cs_client */;

--
-- Dumping data for table `user_services`
--

LOCK TABLES `user_services` WRITE;
/*!40000 ALTER TABLE `user_services` DISABLE KEYS */;
/*!40000 ALTER TABLE `user_services` ENABLE KEYS */;
UNLOCK TABLES;
/*!40103 SET TIME_ZONE=@OLD_TIME_ZONE */;

/*!40101 SET SQL_MODE=@OLD_SQL_MODE */;
/*!40014 SET FOREIGN_KEY_CHECKS=@OLD_FOREIGN_KEY_CHECKS */;
/*!40014 SET UNIQUE_CHECKS=@OLD_UNIQUE_CHECKS */;
/*!40101 SET CHARACTER_SET_CLIENT=@OLD_CHARACTER_SET_CLIENT */;
/*!40101 SET CHARACTER_SET_RESULTS=@OLD_CHARACTER_SET_RESULTS */;
/*!40101 SET COLLATION_CONNECTION=@OLD_COLLATION_CONNECTION */;
/*!40111 SET SQL_NOTES=@OLD_SQL_NOTES */;


--
-- Table structure for table `users`
--

DROP TABLE IF EXISTS `users`;
/*!40101 SET @saved_cs_client     = @@character_set_client */;
/*!40101 SET character_set_client = utf8 */;
CREATE TABLE `users` (
  `id` int(11) NOT NULL,
  `account_id` int(11) DEFAULT NULL,
  `first_name` varchar(30) DEFAULT NULL,
  `last_name` varchar(30) NOT NULL,
  `phone_number` varchar(15) DEFAULT NULL,
  `balance` int(11) NOT NULL,
  `is_connected` tinyint(1) NOT NULL,
  `is_blocked` tinyint(1) NOT NULL,
  PRIMARY KEY (`id`),
  KEY `users_idx` (`id`,`account_id`),
  CONSTRAINT `accounts_users_fk` FOREIGN KEY (`id`) REFERENCES `accounts` (`id`) ON DELETE NO ACTION ON UPDATE NO ACTION
) ENGINE=InnoDB DEFAULT CHARSET=utf8;
/*!40101 SET character_set_client = @saved_cs_client */;

--
-- Dumping data for table `users`
--

LOCK TABLES `users` WRITE;
/*!40000 ALTER TABLE `users` DISABLE KEYS */;
INSERT INTO `users` VALUES (1,1,'Kateryna','Atdaieva','+380932567958',50,1,0),(2,2,'Dmytro','Burda','+380662024443',100,1,0),(3,3,'Roman','Romashko','+380961234567',-20,1,1),(4,4,'Andrii','Nalyvaiko','+380679876543',-800,1,1),(5,5,'Natalia','Druchok','+380957567878',250,1,0);
/*!40000 ALTER TABLE `users` ENABLE KEYS */;
UNLOCK TABLES;
/*!40103 SET TIME_ZONE=@OLD_TIME_ZONE */;

/*!40101 SET SQL_MODE=@OLD_SQL_MODE */;
/*!40014 SET FOREIGN_KEY_CHECKS=@OLD_FOREIGN_KEY_CHECKS */;
/*!40014 SET UNIQUE_CHECKS=@OLD_UNIQUE_CHECKS */;
/*!40101 SET CHARACTER_SET_CLIENT=@OLD_CHARACTER_SET_CLIENT */;
/*!40101 SET CHARACTER_SET_RESULTS=@OLD_CHARACTER_SET_RESULTS */;
/*!40101 SET COLLATION_CONNECTION=@OLD_COLLATION_CONNECTION */;
/*!40111 SET SQL_NOTES=@OLD_SQL_NOTES */;



